State,State_numerical,Year,Deaths,Population,death_rate_per_100k
Alabama,1,2005,9913,4569805,216.92391688485614
Alabama,1,2006,9899,4628981,213.84836101077104
Alabama,1,2007,10025,4672840,214.53762594054152
Alabama,1,2008,10182,4718206,215.80236216901085
Alabama,1,2009,10289,4757938,216.2491398584849
Alabama,1,2010,10196,4785514,213.05966297455194
Alabama,1,2011,10233,4799642,213.20340142035593
Alabama,1,2012,10274,4816632,213.3025732503542
Alabama,1,2013,10328,4831586,213.76003655942375
Alabama,1,2014,10286,4843737,212.35669897023726
Alabama,1,2015,10354,4854803,213.2733295254205
Alabama,1,2016,10419,4866824,214.0821200848849
Alabama,1,2017,10410,4877989,213.4076153103256
Alabama,1,2018,10632,4891628,217.35095146237612
Alabama,1,2019,10266,4907965,209.1701957939798
Alabama,1,2020,10456,5033094,207.74497754264078
Alaska,2,2005,732,666946,109.75401306852429
Alaska,2,2006,790,675302,116.98469721694886
Alaska,2,2007,839,680300,123.32794355431427
Alaska,2,2008,867,687455,126.11734586263827
Alaska,2,2009,895,698895,128.05929359918156
Alaska,2,2010,884,713982,123.81264513671213
Alaska,2,2011,935,722349,129.43881697074406
Alaska,2,2012,925,730810,126.57188598951849
Alaska,2,2013,1016,737626,137.7391794757777
Alaska,2,2014,972,737075,131.8726045517756
Alaska,2,2015,978,738430,132.44315642647237
Alaska,2,2016,995,742575,133.993199340134
Alaska,2,2017,926,740983,124.96912884641078
Alaska,2,2018,957,736624,129.91702686852452
Alaska,2,2019,1021,733603,139.17609388184073
Alaska,2,2020,1043,733017,142.28865087712836
Arizona,4,2005,9820,5839077,168.1772650026708
Arizona,4,2006,9918,6029141,164.50104583720966
Arizona,4,2007,10133,6167681,164.29189512233202
Arizona,4,2008,10081,6280362,160.5162250201501
Arizona,4,2009,10271,6343154,161.92260191065833
Arizona,4,2010,10678,6407342,166.65256825685285
Arizona,4,2011,10690,6473416,165.1369230712193
Arizona,4,2012,11085,6556344,169.07288574241986
Arizona,4,2013,11347,6634690,171.02532296158526
Arizona,4,2014,11455,6732873,170.13539390985096
Arizona,4,2015,11776,6832810,172.34490641478396
Arizona,4,2016,11876,6944767,171.00645709208098
Arizona,4,2017,12008,7048088,170.37244710905992
Arizona,4,2018,12113,7164228,169.07613772202671
Arizona,4,2019,12503,7291843,171.46556775838425
Arizona,4,2020,12676,7187135,176.3706956944596
Arkansas,5,2005,6361,2781097,228.72269467767575
Arkansas,5,2006,6177,2821761,218.9058534723529
Arkansas,5,2007,6388,2848650,224.24657293805836
Arkansas,5,2008,6526,2874554,227.02652307105726
Arkansas,5,2009,6513,2896843,224.83096253404136
Arkansas,5,2010,6475,2921998,221.59494975698135
Arkansas,5,2011,6497,2941038,220.9084003674893
Arkansas,5,2012,6540,2952876,221.4789920064371
Arkansas,5,2013,6688,2960459,225.91091448994905
Arkansas,5,2014,6546,2968759,220.49617365370514
Arkansas,5,2015,6727,2979732,225.75855815220964
Arkansas,5,2016,6612,2991815,221.00296976918693
Arkansas,5,2017,6516,3003855,216.92125618580127
Arkansas,5,2018,6491,3012161,215.4931293513195
Arkansas,5,2019,6482,3020985,214.565779042266
Arkansas,5,2020,6496,3014546,215.4885014194509
California,6,2005,54729,35827943,152.75507164896405
California,6,2006,54140,36021202,150.30037032079053
California,6,2007,55011,36250311,151.7531808209866
California,6,2008,54686,36604337,149.39759733935352
California,6,2009,55990,36961229,151.48305809852806
California,6,2010,56453,37319550,151.26924092064348
California,6,2011,56448,37636311,149.9828184542316
California,6,2012,57675,37944551,151.9981090302004
California,6,2013,57714,38253768,150.87141219657107
California,6,2014,58410,38586706,151.37337714185813
California,6,2015,59629,38904296,153.27099094660394
California,6,2016,59513,39149186,152.01593208093777
California,6,2017,59515,39337785,151.29219909051818
California,6,2018,59961,39437463,152.04071316656447
California,6,2019,59512,39437610,150.9016393234783
California,6,2020,59778,39521958,151.25262771647093
Colorado,8,2005,6395,4631888,138.06465095874512
Colorado,8,2006,6550,4720423,138.75875106955456
Colorado,8,2007,6617,4803868,137.7431686299457
Colorado,8,2008,6719,4889730,137.41045006575007
Colorado,8,2009,6950,4972195,139.77730157405333
Colorado,8,2010,7035,5047539,139.37485178420613
Colorado,8,2011,7051,5121900,137.66375758995684
Colorado,8,2012,7306,5193660,140.6715110346076
Colorado,8,2013,7357,5270774,139.58101789224887
Colorado,8,2014,7405,5352637,138.3430260636019
Colorado,8,2015,7604,5454328,139.41222456735275
Colorado,8,2016,7928,5543844,143.00546696479915
Colorado,8,2017,7829,5617421,139.37000627156127
Colorado,8,2018,7812,5697155,137.12107183322203
Colorado,8,2019,7986,5758486,138.68228558687127
Colorado,8,2020,8251,5787129,142.57501431193256
Connecticut,9,2005,7052,3506956,201.08607008471165
Connecticut,9,2006,7044,3517460,200.25814081752173
Connecticut,9,2007,6827,3527270,193.5491187235454
Connecticut,9,2008,6830,3545579,192.6342636844363
Connecticut,9,2009,6819,3561807,191.44776794475388
Connecticut,9,2010,6954,3579173,194.29069229120807
Connecticut,9,2011,6837,3588632,190.51828106086106
Connecticut,9,2012,6681,3595211,185.8305395705565
Connecticut,9,2013,6619,3595792,184.07627582463059
Connecticut,9,2014,6621,3595697,184.13676124545532
Connecticut,9,2015,6666,3588561,185.75690924579519
Connecticut,9,2016,6696,3579830,187.04798831229414
Connecticut,9,2017,6608,3575324,184.82241050041898
Connecticut,9,2018,6472,3574561,181.05719835246902
Connecticut,9,2019,6496,3566022,182.16376679672754
Connecticut,9,2020,6638,3579918,185.42324153793467
Delaware,10,2005,1799,845150,212.86162219724307
Delaware,10,2006,1780,859268,207.1530651670957
Delaware,10,2007,1852,871749,212.44647255115865
Delaware,10,2008,1912,883874,216.320425762043
Delaware,10,2009,1813,891730,203.3126619043881
Delaware,10,2010,1909,899647,212.19433844607943
Delaware,10,2011,1905,907590,209.89653918619643
Delaware,10,2012,1935,915518,211.35575706867584
Delaware,10,2013,1905,924062,206.15499825769268
Delaware,10,2014,1972,933131,211.3315279419503
Delaware,10,2015,2010,942065,213.36107381125504
Delaware,10,2016,2124,949989,223.58153620726137
Delaware,10,2017,2085,957942,217.6540959682319
Delaware,10,2018,2101,966985,217.27327724835442
Delaware,10,2019,2073,976668,212.25226996277138
Delaware,10,2020,2141,991928,215.84227887507964
District of Columbia,11,2005,1150,567136,202.7732325227106
District of Columbia,11,2006,1178,570681,206.42004902914238
District of Columbia,11,2007,1169,574404,203.5152958544857
District of Columbia,11,2008,1143,580236,196.98881144913446
District of Columbia,11,2009,1131,592228,190.9737465975942
District of Columbia,11,2010,1041,605282,171.98595035041518
District of Columbia,11,2011,1070,620290,172.4999596962711
District of Columbia,11,2012,1081,635737,170.03886827414482
District of Columbia,11,2013,1095,651559,168.0584567168898
District of Columbia,11,2014,1116,663603,168.17283827830798
District of Columbia,11,2015,1072,677014,158.34236810464776
District of Columbia,11,2016,1044,687576,151.837760480296
District of Columbia,11,2017,1031,697079,147.90289192473165
District of Columbia,11,2018,1070,704147,151.95690672544225
District of Columbia,11,2019,1025,708253,144.72229556387336
District of Columbia,11,2020,984,670917,146.66493768975894
Florida,12,2005,40592,17842038,227.50764234444517
Florida,12,2006,40415,18166990,222.46393045848544
Florida,12,2007,40088,18367842,218.25100629676584
Florida,12,2008,40814,18527305,220.2910784919879
Florida,12,2009,40931,18652644,219.43805929068287
Florida,12,2010,41467,18846143,220.02910622083257
Florida,12,2011,41681,19055607,218.73352027043802
Florida,12,2012,42187,19302016,218.56266205561116
Florida,12,2013,42734,19551678,218.5694752133295
Florida,12,2014,43212,19853880,217.65015201058935
Florida,12,2015,44027,20219111,217.74943517546345
Florida,12,2016,44266,20627237,214.59975468357686
Florida,12,2017,45129,20977089,215.13471197076012
Florida,12,2018,45281,21254926,213.0376741843279
Florida,12,2019,45583,21492056,212.0923191341024
Florida,12,2020,45800,21592035,212.11525453714762
Georgia,13,2005,14358,8925922,160.8573321613162
Georgia,13,2006,14474,9155813,158.08536063373074
Georgia,13,2007,14983,9349988,160.24619496837857
Georgia,13,2008,14621,9504843,153.82684385212886
Georgia,13,2009,15139,9620846,157.356224182364
Georgia,13,2010,15435,9712209,158.92368049328428
Georgia,13,2011,15602,9803630,159.14513297625473
Georgia,13,2012,16020,9903580,161.7596869011004
Georgia,13,2013,16417,9975592,164.57168657258637
Georgia,13,2014,16684,10071204,165.6604314638051
Georgia,13,2015,16945,10183353,166.39902397569838
Georgia,13,2016,17184,10308442,166.6983235681978
Georgia,13,2017,17135,10417031,164.4902467891283
Georgia,13,2018,17397,10519389,165.38032769773986
Georgia,13,2019,17756,10628020,167.06780755023044
Georgia,13,2020,17827,10732888,166.09695358788798
Hawaii,15,2005,2169,1292729,167.78458594183311
Hawaii,15,2006,2171,1309731,165.75922842171408
Hawaii,15,2007,2214,1315675,168.27864024170103
Hawaii,15,2008,2194,1332213,164.6883794107999
Hawaii,15,2009,2244,1346717,166.62743545971426
Hawaii,15,2010,2266,1364004,166.1285450775804
Hawaii,15,2011,2278,1379562,165.12487296692717
Hawaii,15,2012,2284,1395199,163.70424577425874
Hawaii,15,2013,2332,1408822,165.5283634128371
Hawaii,15,2014,2493,1415335,176.14204410969842
Hawaii,15,2015,2462,1422999,173.0148791390577
Hawaii,15,2016,2401,1428885,168.03311673087757
Hawaii,15,2017,2456,1425763,172.2586432667982
Hawaii,15,2018,2405,1423102,168.99702199842315
Hawaii,15,2019,2500,1415615,176.60168901855377
Hawaii,15,2020,2519,1451252,173.57426553072796
Idaho,16,2005,2368,1428241,165.7983491581603
Idaho,16,2006,2306,1468669,157.01291441434387
Idaho,16,2007,2405,1505105,159.78951634603567
Idaho,16,2008,2511,1534320,163.65556076959174
Idaho,16,2009,2458,1554439,158.12778758124313
Idaho,16,2010,2530,1570819,161.0624775992651
Idaho,16,2011,2573,1584272,162.4089802761142
Idaho,16,2012,2572,1595910,161.16197028654497
Idaho,16,2013,2707,1612053,167.92251867649512
Idaho,16,2014,2794,1632248,171.17496850968726
Idaho,16,2015,2849,1652495,172.40596794544007
Idaho,16,2016,2884,1684036,171.2552463249004
Idaho,16,2017,3020,1719745,175.60743017133353
Idaho,16,2018,3049,1752074,174.0223301070617
Idaho,16,2019,2928,1789060,163.66136406828167
Idaho,16,2020,3004,1849415,162.42974129657216
Illinois,17,2005,24250,12609903,192.3091716090124
Illinois,17,2006,24083,12643955,190.47046592620742
Illinois,17,2007,24113,12695866,189.9279655283066
Illinois,17,2008,24298,12747038,190.6168319259737
Illinois,17,2009,24182,12796778,188.96944215176663
Illinois,17,2010,24070,12840545,187.45310265257433
Illinois,17,2011,24006,12867783,186.55894337043142
Illinois,17,2012,24562,12883029,190.6539215273054
Illinois,17,2013,24491,12895778,189.91486981243008
Illinois,17,2014,24501,12885092,190.14998107890887
Illinois,17,2015,24713,12859585,192.1757195119438
Illinois,17,2016,24389,12821709,190.21645242455588
Illinois,17,2017,24150,12779893,188.96871828269613
Illinois,17,2018,23885,12724685,187.70602179936085
Illinois,17,2019,23902,12667017,188.69478109960696
Illinois,17,2020,24015,12799088,187.63055617712763
Indiana,18,2005,12796,6278616,203.80287630267563
Indiana,18,2006,12903,6332669,203.75295155960308
Indiana,18,2007,12778,6379599,200.29472071833982
Indiana,18,2008,13136,6424806,204.45753537149605
Indiana,18,2009,13093,6459325,202.69919844565803
Indiana,18,2010,13164,6490555,202.81778676861992
Indiana,18,2011,13180,6517250,202.23253672944875
Indiana,18,2012,13368,6538989,204.43527279217017
Indiana,18,2013,13258,6570575,201.77838317042267
Indiana,18,2014,13519,6596019,204.95695964490096
Indiana,18,2015,13511,6611442,204.3578390311826
Indiana,18,2016,13424,6637898,202.2326947476445
Indiana,18,2017,13462,6662068,202.0693874634723
Indiana,18,2018,13479,6698481,201.22472542655566
Indiana,18,2019,13515,6731010,200.78710327276292
Indiana,18,2020,13664,6790497,201.22238475328095
Iowa,19,2005,6453,2964454,217.6792083803628
Iowa,19,2006,6359,2982644,213.20010031368142
Iowa,19,2007,6376,2999212,212.58917342288575
Iowa,19,2008,6424,3016734,212.94552320489643
Iowa,19,2009,6249,3032870,206.04246143092183
Iowa,19,2010,6358,3050819,208.4030550484968
Iowa,19,2011,6481,3066772,211.32969780603187
Iowa,19,2012,6438,3076844,209.24037747770117
Iowa,19,2013,6509,3093935,210.37933893245977
Iowa,19,2014,6504,3110643,209.08860322447802
Iowa,19,2015,6513,3122541,208.5801275307514
Iowa,19,2016,6432,3133210,205.28467609895284
Iowa,19,2017,6449,3143734,205.13822098180063
Iowa,19,2018,6427,3149900,204.03822343566463
Iowa,19,2019,6335,3159596,200.50031712915197
Iowa,19,2020,6304,3191141,197.5468962355471
Kansas,20,2005,5428,2745299,197.71981121182066
Kansas,20,2006,5343,2762931,193.38159367714937
Kansas,20,2007,5406,2783785,194.19603166192792
Kansas,20,2008,5294,2808076,188.52766093225395
Kansas,20,2009,5319,2832704,187.7711190438535
Kansas,20,2010,5377,2858266,188.12104961539617
Kansas,20,2011,5440,2869677,189.5683730259538
Kansas,20,2012,5429,2886024,188.11347376182596
Kansas,20,2013,5379,2894306,185.8476608900372
Kansas,20,2014,5587,2901861,192.53162022577925
Kansas,20,2015,5604,2910717,192.52988181262555
Kansas,20,2016,5484,2912977,188.26101270281228
Kansas,20,2017,5493,2910892,188.70504299025865
Kansas,20,2018,5607,2912748,192.49863015956066
Kansas,20,2019,5619,2912635,192.91809650024805
Kansas,20,2020,5538,2938172,188.4845407280445
Kentucky,21,2005,9505,4182742,227.24327725688076
Kentucky,21,2006,9394,4219239,222.6467853563166
Kentucky,21,2007,9692,4256672,227.68961291826105
Kentucky,21,2008,9589,4289878,223.52617020810385
Kentucky,21,2009,9634,4317074,223.1604091104299
Kentucky,21,2010,9930,4348464,228.35649553497512
Kentucky,21,2011,9733,4370817,222.6814803731202
Kentucky,21,2012,10012,4387865,228.17475013474663
Kentucky,21,2013,10082,4406906,228.77728728500222
Kentucky,21,2014,10263,4416992,232.35269613347725
Kentucky,21,2015,10312,4429126,232.8224575232224
Kentucky,21,2016,10363,4440306,233.38481627167138
Kentucky,21,2017,10145,4455590,227.69150662426298
Kentucky,21,2018,10135,4464273,227.0246465661934
Kentucky,21,2019,9974,4472345,223.01499548894373
Kentucky,21,2020,10181,4508318,225.8270157517726
Louisiana,22,2005,9249,4576628,202.0920205880836
Louisiana,22,2006,8853,4302665,205.75619993655096
Louisiana,22,2007,8736,4375581,199.65348601705693
Louisiana,22,2008,9197,4435586,207.34577122391494
Louisiana,22,2009,9098,4491648,202.55371747741586
Louisiana,22,2010,9203,4544635,202.50251120276985
Louisiana,22,2011,9233,4576244,201.7593467481192
Louisiana,22,2012,9308,4602067,202.25694236959174
Louisiana,22,2013,9419,4626040,203.60826970800082
Louisiana,22,2014,9455,4645938,203.51111013534833
Louisiana,22,2015,9397,4666998,201.3499898650053
Louisiana,22,2016,9149,4681346,195.4352444788315
Louisiana,22,2017,9512,4673673,203.52301070271713
Louisiana,22,2018,9382,4664450,201.138397881851
Louisiana,22,2019,9485,4658285,203.61570835618687
Louisiana,22,2020,9195,4652301,197.64413351586666
Maine,23,2005,3218,1318787,244.01211112939387
Maine,23,2006,3089,1323619,233.3753141953991
Maine,23,2007,3112,1327040,234.50687243790694
Maine,23,2008,3093,1330509,232.46742412114463
Maine,23,2009,3133,1329590,235.6365496130386
Maine,23,2010,3247,1327651,244.56728462525166
Maine,23,2011,3201,1328473,240.95333514493706
Maine,23,2012,3226,1328094,242.90449320605322
Maine,23,2013,3227,1328543,242.89767060606997
Maine,23,2014,3209,1331217,241.05761870529
Maine,23,2015,3398,1329098,255.66211069462148
Maine,23,2016,3275,1332348,245.80665111517413
Maine,23,2017,3391,1335743,253.8662003094907
Maine,23,2018,3275,1340123,244.38055312833222
Maine,23,2019,3413,1345770,253.6094577825334
Maine,23,2020,3432,1364571,251.50761667952784
Maryland,24,2005,10371,5592379,185.44880452487214
Maryland,24,2006,10350,5627367,183.92260536766128
Maryland,24,2007,10179,5653408,180.050688009781
Maryland,24,2008,10360,5684965,182.23507092831704
Maryland,24,2009,10412,5730388,181.69799322489158
Maryland,24,2010,10268,5788784,177.37749413348297
Maryland,24,2011,10249,5840241,175.48933340250855
Maryland,24,2012,10524,5888375,178.72503025028126
Maryland,24,2013,10608,5925197,179.03202205766323
Maryland,24,2014,10759,5960064,180.51819577776345
Maryland,24,2015,10567,5988528,176.4540468041562
Maryland,24,2016,10911,6007014,181.6376655689499
Maryland,24,2017,10796,6028186,179.0920187266949
Maryland,24,2018,10927,6042153,180.84613216514046
Maryland,24,2019,10742,6054954,177.40844934577538
Maryland,24,2020,10799,6177935,174.79950824992494
Massachusetts,25,2005,13182,6403290,205.86292359084158
Massachusetts,25,2006,13407,6410084,209.15482542818472
Massachusetts,25,2007,13003,6431559,202.17493145907548
Massachusetts,25,2008,13031,6468967,201.43865318836842
Massachusetts,25,2009,13112,6517613,201.1779465887281
Massachusetts,25,2010,12993,6566440,197.8697741850988
Massachusetts,25,2011,12895,6614218,194.9587993622224
Massachusetts,25,2012,12864,6664269,193.02942303199345
Massachusetts,25,2013,12858,6715158,191.47725191276214
Massachusetts,25,2014,12787,6764864,189.0207992355796
Massachusetts,25,2015,12750,6797484,187.56940067825096
Massachusetts,25,2016,12717,6827280,186.2674447217633
Massachusetts,25,2017,12934,6863560,188.44448070680522
Massachusetts,25,2018,12635,6885720,183.49569834381882
Massachusetts,25,2019,12582,6894883,182.48315453648743
Massachusetts,25,2020,12376,6994598,176.93654445902396
Michigan,26,2005,20094,10051137,199.9176809549009
Michigan,26,2006,20192,10036081,201.19407167000745
Michigan,26,2007,20087,10001284,200.84421160323015
Michigan,26,2008,20211,9946889,203.18915793671772
Michigan,26,2009,20257,9901591,204.58328363593287
Michigan,26,2010,20620,9877597,208.7552266001539
Michigan,26,2011,20420,9883053,206.61631582872215
Michigan,26,2012,20496,9898289,207.06608990705365
Michigan,26,2013,20367,9914802,205.42013849595787
Michigan,26,2014,21169,9932033,213.13863939034437
Michigan,26,2015,20732,9934483,208.68725629708157
Michigan,26,2016,20870,9954117,209.661992118437
Michigan,26,2017,20671,9976752,207.19167921584102
Michigan,26,2018,21018,9987286,210.44756303163842
Michigan,26,2019,20923,9984795,209.54861867469486
Michigan,26,2020,21158,10072703,210.05285274469028
Minnesota,27,2005,8823,5119598,172.3377499561489
Minnesota,27,2006,9079,5163555,175.82847476205833
Minnesota,27,2007,9176,5207203,176.21744341443957
Minnesota,27,2008,9446,5247018,180.026064328348
Minnesota,27,2009,9580,5281203,181.39806403957584
Minnesota,27,2010,9612,5310934,180.98511485926957
Minnesota,27,2011,9489,5346620,177.47661139187002
Minnesota,27,2012,9424,5377500,175.24872152487214
Minnesota,27,2013,9601,5414722,177.31288882420927
Minnesota,27,2014,9649,5452665,176.95934006582104
Minnesota,27,2015,9925,5484002,180.9809697370643
Minnesota,27,2016,9857,5525360,178.39561585127484
Minnesota,27,2017,9896,5569283,177.68894128741528
Minnesota,27,2018,9910,5608762,176.68783235944048
Minnesota,27,2019,10042,5640053,178.04797224423245
Minnesota,27,2020,9944,5710735,174.12819890959744
Mississippi,28,2005,6065,2905943,208.71021902356654
Mississippi,28,2006,6236,2904978,214.66599747054883
Mississippi,28,2007,6001,2928350,204.92768965458365
Mississippi,28,2008,6165,2947806,209.1385932452814
Mississippi,28,2009,6130,2958774,207.1804064791701
Mississippi,28,2010,6271,2970615,211.10106829730543
Mississippi,28,2011,6278,2979147,210.73146105244223
Mississippi,28,2012,6496,2984599,217.65067937099758
Mississippi,28,2013,6527,2989839,218.30606932346527
Mississippi,28,2014,6534,2991892,218.3902360111929
Mississippi,28,2015,6485,2990231,216.87287704528512
Mississippi,28,2016,6568,2990595,219.6218478262687
Mississippi,28,2017,6526,2990674,218.21168071143828
Mississippi,28,2018,6510,2982879,218.2455272238666
Mississippi,28,2019,6587,2978227,221.17185829018405
Mississippi,28,2020,6582,2958536,222.47489974771307
Missouri,29,2005,12417,5790300,214.44484741723227
Missouri,29,2006,12519,5842704,214.26722969364872
Missouri,29,2007,12380,5887612,210.27200841359792
Missouri,29,2008,12522,5923916,211.3804449624201
Missouri,29,2009,12472,5961088,209.22355113697364
Missouri,29,2010,12626,5996089,210.57059026308647
Missouri,29,2011,12473,6011182,207.4966287828251
Missouri,29,2012,12919,6026027,214.38669292387834
Missouri,29,2013,12955,6042989,214.38066493253586
Missouri,29,2014,13067,6059130,215.65802351162623
Missouri,29,2015,12965,6075411,213.40120034677489
Missouri,29,2016,12696,6091384,208.42554007430826
Missouri,29,2017,12971,6111382,212.24331910523674
Missouri,29,2018,13040,6125986,212.86369247334224
Missouri,29,2019,12873,6140475,209.6417622415204
Missouri,29,2020,12907,6154744,209.7081535803926
Montana,30,2005,1956,940102,208.0625293851093
Montana,30,2006,1943,952692,203.94839045567718
Montana,30,2007,1921,964706,199.12802449658238
Montana,30,2008,1862,976415,190.69760296595197
Montana,30,2009,1914,983982,194.5157533369513
Montana,30,2010,1923,990730,194.0993005157813
Montana,30,2011,2022,997518,202.703109116828
Montana,30,2012,1954,1004168,194.58895324288366
Montana,30,2013,1997,1014158,196.9121182300983
Montana,30,2014,2066,1022657,202.02277009789205
Montana,30,2015,2130,1031495,206.49639600773634
Montana,30,2016,2031,1042137,194.8880041683579
Montana,30,2017,2145,1053862,203.53708550075817
Montana,30,2018,2038,1061818,191.9349643724254
Montana,30,2019,2099,1070123,196.14567671192938
Montana,30,2020,2138,1087230,196.64652373462837
Nebraska,31,2005,3355,1761497,190.46299823388858
Nebraska,31,2006,3430,1772693,193.49092031163883
Nebraska,31,2007,3479,1783440,195.07244426501592
Nebraska,31,2008,3376,1796378,187.93371996317035
Nebraska,31,2009,3336,1812683,184.03659106418496
Nebraska,31,2010,3438,1829591,187.91085002057838
Nebraska,31,2011,3410,1840914,185.23407394370406
Nebraska,31,2012,3479,1853691,187.67960787423578
Nebraska,31,2013,3459,1865813,185.38835349523237
Nebraska,31,2014,3459,1879955,183.99376580822414
Nebraska,31,2015,3514,1892059,185.72359530014654
Nebraska,31,2016,3477,1906483,182.37770806243748
Nebraska,31,2017,3502,1916998,182.68146341310737
Nebraska,31,2018,3516,1925512,182.60078358379485
Nebraska,31,2019,3482,1932571,180.1744929423033
Nebraska,31,2020,3541,1963387,180.35160668783078
Nevada,32,2005,4238,2432143,174.24962265787826
Nevada,32,2006,4225,2522658,167.4820764447658
Nevada,32,2007,4331,2601072,166.5082704361894
Nevada,32,2008,4404,2653630,165.96134351812424
Nevada,32,2009,4461,2684665,166.16598346534857
Nevada,32,2010,4529,2702483,167.58662311659316
Nevada,32,2011,4605,2713114,169.73116500080718
Nevada,32,2012,4610,2744670,167.9619043455133
Nevada,32,2013,4817,2776956,173.463317387816
Nevada,32,2014,5015,2818935,177.90406660671496
Nevada,32,2015,5013,2868531,174.75843907561048
Nevada,32,2016,5214,2919555,178.5888602886399
Nevada,32,2017,5283,2972097,177.75328328786037
Nevada,32,2018,5195,3030725,171.41113100000823
Nevada,32,2019,5433,3090771,175.78138270353904
Nevada,32,2020,5450,3116967,174.84946103054668
New Hampshire,33,2005,2549,1298492,196.30463645521112
New Hampshire,33,2006,2534,1308389,193.67328829575914
New Hampshire,33,2007,2609,1312540,198.77489447940633
New Hampshire,33,2008,2576,1315906,195.75866361275047
New Hampshire,33,2009,2562,1316102,194.66576298797509
New Hampshire,33,2010,2525,1316807,191.7517145640933
New Hampshire,33,2011,2740,1320444,207.5059601164457
New Hampshire,33,2012,2660,1324677,200.80366761104784
New Hampshire,33,2013,2584,1327272,194.68503818358258
New Hampshire,33,2014,2698,1334257,202.20991907855833
New Hampshire,33,2015,2773,1337480,207.3302030684571
New Hampshire,33,2016,2875,1343694,213.9624051309301
New Hampshire,33,2017,2760,1350395,204.3846430118595
New Hampshire,33,2018,2711,1355064,200.06435120407596
New Hampshire,33,2019,2819,1360783,207.16014235921523
New Hampshire,33,2020,2826,1378756,204.96737638857056
New Jersey,34,2005,17171,8651974,198.46337957095108
New Jersey,34,2006,17180,8661679,198.34491673034753
New Jersey,34,2007,17096,8677885,197.0065286645306
New Jersey,34,2008,16874,8711090,193.70710209629334
New Jersey,34,2009,16540,8755602,188.90762736816956
New Jersey,34,2010,16815,8799451,191.09146695629082
New Jersey,34,2011,16708,8828552,189.24960741013928
New Jersey,34,2012,16483,8845671,186.33973612629273
New Jersey,34,2013,16315,8857821,184.18751067559393
New Jersey,34,2014,16591,8867277,187.10366215017305
New Jersey,34,2015,16269,8870312,183.40955763450035
New Jersey,34,2016,16377,8873584,184.55902372705324
New Jersey,34,2017,16264,8888147,182.98527240829839
New Jersey,34,2018,16011,8891730,180.06619634199419
New Jersey,34,2019,15697,8891258,176.54419655801237
New Jersey,34,2020,15576,9272794,167.97526182507667
New Mexico,35,2005,3141,1932274,162.55458594381543
New Mexico,35,2006,3147,1962137,160.38635426578267
New Mexico,35,2007,3236,1990070,162.60734547025984
New Mexico,35,2008,3355,2010662,166.86046685121616
New Mexico,35,2009,3202,2036802,157.20722976509253
New Mexico,35,2010,3358,2064614,162.64541459081457
New Mexico,35,2011,3328,2080707,159.94563386387415
New Mexico,35,2012,3461,2087715,165.77933290702993
New Mexico,35,2013,3481,2092833,166.32956380179402
New Mexico,35,2014,3477,2090236,166.34485292569835
New Mexico,35,2015,3591,2090071,171.81234513085917
New Mexico,35,2016,3560,2092555,170.12695006821804
New Mexico,35,2017,3620,2092844,172.97036950675732
New Mexico,35,2018,3672,2093754,175.37876942563452
New Mexico,35,2019,3614,2099634,172.12523706512658
New Mexico,35,2020,3649,2118606,172.23589473455658
New York,36,2005,35555,19132610,185.8345515849641
New York,36,2006,35283,19104631,184.6829703227453
New York,36,2007,35485,19132335,185.47134994238812
New York,36,2008,35351,19212436,184.00061293632936
New York,36,2009,35215,19307066,182.39436276853252
New York,36,2010,35431,19399956,182.63443484098622
New York,36,2011,35469,19499921,181.8930445923345
New York,36,2012,35881,19574362,183.30610213502743
New York,36,2013,35735,19626488,182.0753667186916
New York,36,2014,35388,19653431,180.06016354091048
New York,36,2015,35088,19657321,178.49838235840986
New York,36,2016,35363,19636391,180.08910089435477
New York,36,2017,34956,19593849,178.40292634693674
New York,36,2018,34484,19544098,176.44201333824665
New York,36,2019,33651,19463131,172.89612858280614
New York,36,2020,32955,20105171,163.91305500460552
North Carolina,37,2005,16724,8705407,192.11048949233506
North Carolina,37,2006,17318,8917270,194.20741998391884
North Carolina,37,2007,17478,9118037,191.68599557119586
North Carolina,37,2008,17453,9309449,187.47618682910235
North Carolina,37,2009,17513,9449566,185.33126283259992
North Carolina,37,2010,18060,9574586,188.6243436530833
North Carolina,37,2011,18284,9658913,189.29666309242043
North Carolina,37,2012,18405,9751810,188.73419395989052
North Carolina,37,2013,18589,9846717,188.78373370535581
North Carolina,37,2014,19342,9937295,194.6404932126902
North Carolina,37,2015,19321,10037218,192.4935774036192
North Carolina,37,2016,19523,10161802,192.12143672943046
North Carolina,37,2017,19474,10275758,189.51399984312593
North Carolina,37,2018,19671,10391358,189.30153306237742
North Carolina,37,2019,19951,10501384,189.9844820454142
North Carolina,37,2020,19996,10449652,191.35565471462593
North Dakota,38,2005,1302,646089,201.52022399390796
North Dakota,38,2006,1387,649422,213.57453243037654
North Dakota,38,2007,1264,652822,193.62092576536944
North Dakota,38,2008,1354,657569,205.9099501345106
North Dakota,38,2009,1243,664968,186.92628818228846
North Dakota,38,2010,1269,674752,188.06909797970218
North Dakota,38,2011,1321,685526,192.6987451971187
North Dakota,38,2012,1253,702227,178.4323302863604
North Dakota,38,2013,1286,723149,177.8333372513825
North Dakota,38,2014,1304,738736,176.51772757791687
North Dakota,38,2015,1320,755537,174.7101730292494
North Dakota,38,2016,1253,756114,165.71575185752414
North Dakota,38,2017,1280,756755,169.14324979682988
North Dakota,38,2018,1320,760062,173.6700427070423
North Dakota,38,2019,1316,763724,172.31355830116638
North Dakota,38,2020,1308,779563,167.78631104862595
Ohio,39,2005,24702,11463320,215.4873108314171
Ohio,39,2006,24975,11481213,217.5292802250076
Ohio,39,2007,25230,11500468,219.38237643894144
Ohio,39,2008,24998,11515391,217.0833799738107
Ohio,39,2009,25149,11528896,218.13884000688358
Ohio,39,2010,25083,11539449,217.367397698105
Ohio,39,2011,25140,11545735,217.7427422333875
Ohio,39,2012,25261,11550971,218.69157147048503
Ohio,39,2013,24986,11579692,215.77430556874916
Ohio,39,2014,25433,11606573,219.12583499022492
Ohio,39,2015,25396,11622315,218.5106839730295
Ohio,39,2016,25509,11640060,219.14835490538707
Ohio,39,2017,25643,11665706,219.81524307230097
Ohio,39,2018,25164,11680892,215.4287532150798
Ohio,39,2019,25170,11696507,215.1924501904714
Ohio,39,2020,24863,11798905,210.72294420541567
Oklahoma,40,2005,7446,3548597,209.82940581869397
Oklahoma,40,2006,7491,3594090,208.42549852674807
Oklahoma,40,2007,7727,3634349,212.61029141670215
Oklahoma,40,2008,7657,3668976,208.695832297622
Oklahoma,40,2009,7639,3717572,205.48357906719764
Oklahoma,40,2010,7831,3760014,208.27050112047456
Oklahoma,40,2011,7997,3788824,211.06813090288702
Oklahoma,40,2012,8040,3819320,210.50867693725587
Oklahoma,40,2013,8039,3853891,208.59437903147753
Oklahoma,40,2014,7934,3879187,204.52739195094227
Oklahoma,40,2015,8280,3910518,211.7366548370318
Oklahoma,40,2016,8115,3928143,206.58616552401477
Oklahoma,40,2017,8203,3933602,208.53660334726288
Oklahoma,40,2018,8424,3943488,213.61799503383807
Oklahoma,40,2019,8309,3960676,209.78742012727122
Oklahoma,40,2020,8368,3965415,211.02457119872702
Oregon,41,2005,7326,3613202,202.75644705167326
Oregon,41,2006,7309,3670883,199.10740821758688
Oregon,41,2007,7393,3722417,198.60751764243503
Oregon,41,2008,7479,3768748,198.44786650633048
Oregon,41,2009,7487,3808600,196.58142099459118
Oregon,41,2010,7638,3837614,199.0299180688834
Oregon,41,2011,7802,3872672,201.46296923674402
Oregon,41,2012,7832,3900102,200.81526072907837
Oregon,41,2013,7799,3924110,198.74570284726983
Oregon,41,2014,7863,3965447,198.28786010757426
Oregon,41,2015,8093,4018542,201.39144993383172
Oregon,41,2016,8078,4093271,197.34828209517522
Oregon,41,2017,8083,4147294,194.89816733513467
Oregon,41,2018,8159,4183538,195.026315047216
Oregon,41,2019,8080,4216116,191.64558090906417
Oregon,41,2020,8283,4243779,195.17981497151476
Pennsylvania,42,2005,29615,12449990,237.87167700536307
Pennsylvania,42,2006,29170,12510809,233.15838328280768
Pennsylvania,42,2007,29013,12563937,230.92283891585893
Pennsylvania,42,2008,28963,12612285,229.64117921534438
Pennsylvania,42,2009,28879,12666858,227.9886614344299
Pennsylvania,42,2010,29055,12711406,228.57424269195712
Pennsylvania,42,2011,28895,12747052,226.67986292046194
Pennsylvania,42,2012,28907,12769123,226.38203109172022
Pennsylvania,42,2013,28512,12779538,223.10665690731543
Pennsylvania,42,2014,28688,12792392,224.25829352321287
Pennsylvania,42,2015,28693,12789838,224.34216915022694
Pennsylvania,42,2016,28492,12788468,222.794473896326
Pennsylvania,42,2017,28385,12794679,221.85003625335187
Pennsylvania,42,2018,28023,12809107,218.77403319372695
Pennsylvania,42,2019,27745,12798883,216.77672965679895
Pennsylvania,42,2020,27954,12996143,215.09458613990319
Rhode Island,44,2005,2291,1067916,214.52998175886495
Rhode Island,44,2006,2250,1063096,211.64598493456847
Rhode Island,44,2007,2213,1057315,209.30375526687882
Rhode Island,44,2008,2227,1055003,211.08944713901286
Rhode Island,44,2009,2220,1053646,210.69695134798596
Rhode Island,44,2010,2266,1053994,214.99173619584172
Rhode Island,44,2011,2170,1053829,205.91576052661296
Rhode Island,44,2012,2148,1054893,203.6225475000782
Rhode Island,44,2013,2326,1055560,220.35696691803403
Rhode Island,44,2014,2242,1056511,212.2079183274003
Rhode Island,44,2015,2226,1056886,210.6187422295309
Rhode Island,44,2016,2171,1057816,205.23418061364168
Rhode Island,44,2017,2154,1056554,203.87031803391025
Rhode Island,44,2018,2176,1059338,205.4113040408255
Rhode Island,44,2019,2210,1058158,208.85349824884375
Rhode Island,44,2020,2076,1096530,189.32450548548601
South Carolina,45,2005,8652,4270150,202.61583316745313
South Carolina,45,2006,8853,4357847,203.15077605982952
South Carolina,45,2007,8867,4444110,199.5225140691837
South Carolina,45,2008,9199,4528996,203.11344942676038
South Carolina,45,2009,9123,4589872,198.76371280070555
South Carolina,45,2010,9356,4635846,201.81861088569377
South Carolina,45,2011,9543,4672655,204.23078528160116
South Carolina,45,2012,9728,4719027,206.14419031719888
South Carolina,45,2013,9745,4766469,204.4490376419106
South Carolina,45,2014,9930,4826858,205.72388912207487
South Carolina,45,2015,9950,4896006,203.22687513046347
South Carolina,45,2016,10356,4963031,208.66281109265688
South Carolina,45,2017,10356,5027102,206.0033792829348
South Carolina,45,2018,10365,5091702,203.56650880196838
South Carolina,45,2019,10487,5157702,203.3269855451129
South Carolina,45,2020,10786,5132249,210.16127627478716
South Dakota,46,2005,1612,775493,207.8677692770921
South Dakota,46,2006,1570,783033,200.50240539032197
South Dakota,46,2007,1612,791623,203.6322845596957
South Dakota,46,2008,1570,799124,196.46512931660166
South Dakota,46,2009,1503,807067,186.22989169424596
South Dakota,46,2010,1655,816193,202.77066821205278
South Dakota,46,2011,1665,823740,202.1268846966276
South Dakota,46,2012,1630,833859,195.47669330186517
South Dakota,46,2013,1577,842751,187.1252600115574
South Dakota,46,2014,1698,849670,199.84229171325336
South Dakota,46,2015,1640,854663,191.88849874160928
South Dakota,46,2016,1694,863693,196.1345061265982
South Dakota,46,2017,1715,873732,196.28444420028111
South Dakota,46,2018,1632,879386,185.5840324954002
South Dakota,46,2019,1737,887127,195.80060126678595
South Dakota,46,2020,1730,887948,194.8312288557438
Tennessee,47,2005,12995,5991057,216.90663266932697
Tennessee,47,2006,13051,6088766,214.34556690140496
Tennessee,47,2007,13161,6175727,213.10851337826298
Tennessee,47,2008,13162,6247411,210.67927178154278
Tennessee,47,2009,13482,6306019,213.79574022850232
Tennessee,47,2010,13593,6355518,213.87713794532564
Tennessee,47,2011,13562,6400298,211.8963835746398
Tennessee,47,2012,13765,6455752,213.22070612377922
Tennessee,47,2013,13953,6496943,214.76254293750154
Tennessee,47,2014,14172,6544617,216.54437532402582
Tennessee,47,2015,14214,6595354,215.5153461057587
Tennessee,47,2016,14450,6651277,217.2515142580891
Tennessee,47,2017,14302,6714748,212.99384578542637
Tennessee,47,2018,14141,6778180,208.62532420207197
Tennessee,47,2019,14382,6830325,210.56099087525118
Tennessee,47,2020,14436,6927904,208.37471188977216
Texas,48,2005,34291,22778123,150.5435720054721
Texas,48,2006,34938,23359580,149.56604527992369
Texas,48,2007,35074,23831983,147.1719747366386
Texas,48,2008,35712,24309039,146.90831669651772
Texas,48,2009,35591,24801761,143.5019069815244
Texas,48,2010,36717,25241897,145.46054125805205
Texas,48,2011,37351,25645504,145.64346249541438
Texas,48,2012,38142,26084120,146.22689973823154
Texas,48,2013,38412,26479646,145.0623622385284
Texas,48,2014,38847,26963092,144.07472258745398
Texas,48,2015,39120,27468531,142.41751770416843
Texas,48,2016,40195,27914064,143.99551423253882
Texas,48,2017,40668,28291024,143.74877346256537
Texas,48,2018,40865,28624564,142.76199979849474
Texas,48,2019,41488,28986794,143.12724615216158
Texas,48,2020,42142,29239570,144.12660651302326
Utah,49,2005,2520,2457719,102.53409767349319
Utah,49,2006,2615,2525507,103.54356570779649
Utah,49,2007,2572,2597746,99.00891003200468
Utah,49,2008,2492,2663029,93.57765161400796
Utah,49,2009,2555,2723421,93.81582942923625
Utah,49,2010,2810,2775413,101.24619290894725
Utah,49,2011,2746,2814797,97.55588058392844
Utah,49,2012,2876,2854146,100.76569313552987
Utah,49,2013,2971,2898773,102.49164042855374
Utah,49,2014,3042,2938327,103.52830028788492
Utah,49,2015,3091,2983626,103.59877544973801
Utah,49,2016,3125,3044241,102.65284515910535
Utah,49,2017,3160,3103540,101.81921289881878
Utah,49,2018,3264,3155153,103.44981685515727
Utah,49,2019,3288,3203383,102.64148870116374
Utah,49,2020,3460,3284077,105.35684760131996
Vermont,50,2005,1202,621215,193.49178625757588
Vermont,50,2006,1214,622892,194.8973497813425
Vermont,50,2007,1346,623481,215.88468614119753
Vermont,50,2008,1279,624151,204.91836110172056
Vermont,50,2009,1254,624817,200.69876459827438
Vermont,50,2010,1392,625886,222.40471907024602
Vermont,50,2011,1347,627197,214.76505786858039
Vermont,50,2012,1325,626361,211.5393519072867
Vermont,50,2013,1318,626603,210.34051863779777
Vermont,50,2014,1379,625693,220.39562533063338
Vermont,50,2015,1399,625810,223.55027883862516
Vermont,50,2016,1356,624366,217.18030770413506
Vermont,50,2017,1434,625132,229.39155250411113
Vermont,50,2018,1388,624802,222.15037723950945
Vermont,50,2019,1378,624046,220.8170551529855
Vermont,50,2020,1400,642977,217.7371818898654
Virginia,51,2005,13877,7577105,183.14382603910067
Virginia,51,2006,13828,7673725,180.19931649883205
Virginia,51,2007,14009,7751000,180.73796929428462
Virginia,51,2008,13983,7833496,178.5026761997453
Virginia,51,2009,14122,7925937,178.17451741037053
Virginia,51,2010,14078,8024004,175.44856657598874
Virginia,51,2011,14374,8102437,177.40341578712676
Virginia,51,2012,14294,8187456,174.58414433005808
Virginia,51,2013,14414,8255861,174.59111775258813
Virginia,51,2014,14749,8315430,177.36905968783336
Virginia,51,2015,14947,8367303,178.6358161046636
Virginia,51,2016,15027,8417651,178.51773612377136
Virginia,51,2017,15064,8471011,177.83001344231522
Virginia,51,2018,15148,8510920,177.98310875910008
Virginia,51,2019,15045,8556642,175.8283214373115
Virginia,51,2020,15498,8637615,179.4245286459283
Washington,53,2005,11048,6257305,176.561634761291
Washington,53,2006,11055,6370753,173.52736795791643
Washington,53,2007,11568,6461587,179.02722659309546
Washington,53,2008,11618,6562231,177.04344757141283
Washington,53,2009,11922,6667426,178.80963358273493
Washington,53,2010,11874,6743009,176.09349179275898
Washington,53,2011,12002,6827479,175.78962893917358
Washington,53,2012,11951,6898599,173.23807341171738
Washington,53,2013,11928,6966252,171.22550260886342
Washington,53,2014,12205,7057531,172.93583265875844
Washington,53,2015,12687,7167287,177.01258509670396
Washington,53,2016,12594,7299961,172.52146963524874
Washington,53,2017,12664,7427951,170.49116236765698
Washington,53,2018,12791,7526793,169.9395745306135
Washington,53,2019,12960,7614024,170.21222943347695
Washington,53,2020,12796,7727209,165.59665980304143
West Virginia,54,2005,4617,1820492,253.61275962761718
West Virginia,54,2006,4613,1827912,252.36444642849327
West Virginia,54,2007,4690,1834052,255.7179403855507
West Virginia,54,2008,4605,1840310,250.22958088582902
West Virginia,54,2009,4786,1847775,259.0142198049005
West Virginia,54,2010,4685,1854265,252.6607577665544
West Virginia,54,2011,4782,1856606,257.5667643000184
West Virginia,54,2012,4684,1857446,252.17422202314359
West Virginia,54,2013,4718,1854768,254.3714362119683
West Virginia,54,2014,4880,1850569,263.70267739273703
West Virginia,54,2015,4839,1843332,262.5137522703452
West Virginia,54,2016,4659,1832435,254.25185613677974
West Virginia,54,2017,4654,1818683,255.89946131348893
West Virginia,54,2018,4682,1805953,259.2537015082895
West Virginia,54,2019,4604,1795263,256.45267573608993
West Virginia,54,2020,4725,1791646,263.7239722579125
Wisconsin,55,2005,10943,5546166,197.30747330678525
Wisconsin,55,2006,10925,5577655,195.87084536422566
Wisconsin,55,2007,10963,5610775,195.39190218820036
Wisconsin,55,2008,11185,5640996,198.28058732890435
Wisconsin,55,2009,10866,5669264,191.6650909183273
Wisconsin,55,2010,11279,5690538,198.20621529985388
Wisconsin,55,2011,11608,5705840,203.44068533292204
Wisconsin,55,2012,11252,5720825,196.68491869616707
Wisconsin,55,2013,11425,5738012,199.1107721629024
Wisconsin,55,2014,11393,5753199,198.02895745480035
Wisconsin,55,2015,11423,5762927,198.21524721725612
Wisconsin,55,2016,11498,5775170,199.0937063324543
Wisconsin,55,2017,11318,5793147,195.36876934074002
Wisconsin,55,2018,11457,5809319,197.21760846667223
Wisconsin,55,2019,11505,5824581,197.52493784531453
Wisconsin,55,2020,11654,5897375,197.6133449204095
Wyoming,56,2005,886,514157,172.32090587116386
Wyoming,56,2006,927,522667,177.35958076557347
Wyoming,56,2007,940,534876,175.74166722754433
Wyoming,56,2008,874,546043,160.0606545638347
Wyoming,56,2009,936,559851,167.18734091749414
Wyoming,56,2010,1016,564531,179.97240186987074
Wyoming,56,2011,936,567491,164.93653643846335
Wyoming,56,2012,955,576656,165.60999972253822
Wyoming,56,2013,946,582620,162.3699838659847
Wyoming,56,2014,922,583159,158.10439348445277
Wyoming,56,2015,931,586389,158.76832614527217
Wyoming,56,2016,962,585243,164.37616511432003
Wyoming,56,2017,948,579994,163.4499667237937
Wyoming,56,2018,997,579054,172.17737896638312
Wyoming,56,2019,1016,580116,175.1373863158403
Wyoming,56,2020,1029,577681,178.12598994947038
